Workbook

Sheet Resumen de Madurez
A2: AUDITORÍA DE SISTEMAS - INFRAESTRUCTURA DE RED SILAIS MASAYA
A3: Evaluación Consolidada del Nivel de Madurez (Dominio DSS - COBIT 2019)
A5: ID Proceso | B5: Descripción del Proceso | C5: Nivel Obtenido | D5: Nivel Objetivo | E5: Brecha de Capacidad
A6: DSS01 | B6: Gestión de las Operaciones | C6: ='Cálculo DSS01'!C14 -> 0 | D6: =$D$14 -> 4 | E6: =C6-D6 -> -4
A7: DSS02 | B7: Gestión de Peticiones e Incidentes de Servicio | C7: ='Cálculo DSS02'!C14 -> 0 | D7: =$D$14 -> 4 | E7: =C7-D7 -> -4
A8: DSS03 | B8: Gestión de Problemas | C8: ='Cálculo DSS03'!C14 -> 0 | D8: =$D$14 -> 4 | E8: =C8-D8 -> -4
A9: DSS04 | B9: Gestión de la Continuidad | C9: ='Cálculo DSS04'!C14 -> 0 | D9: =$D$14 -> 4 | E9: =C9-D9 -> -4
A10: DSS05 | B10: Gestión de los Servicios de Seguridad | C10: ='Cálculo DSS05'!C14 -> 1 | D10: =$D$14 -> 4 | E10: =C10-D10 -> -3
C14: Meta Global (Nivel Objetivo): | D14: 4

Sheet Cálculo DSS01
A2: MECANISMO MATEMÁTICO EN CASCADA - PROCESO DSS01
A3: Cálculo de madurez según COBIT 2019 CPM
A5: Nivel de Capacidad | B5: Promedio de Cumplimiento Técnico | C5: Estado de Aprobación (>50%)
A6: 1 | B6: =IFERROR(AVERAGEIFS('Matriz de Prácticas'!$D:$D, 'Matriz de Prácticas'!$A:$A, "DSS01*", 'Matriz de Prácticas'!$C:$C, A6), 0) -> 0.4 | C6: =IF(B6>0.5, "Aprobado", "No Aprobado") -> No Aprobado
A7: 2 | B7: =IFERROR(AVERAGEIFS('Matriz de Prácticas'!$D:$D, 'Matriz de Prácticas'!$A:$A, "DSS01*", 'Matriz de Prácticas'!$C:$C, A7), 0) -> 0.025 | C7: =IF(B7>0.5, "Aprobado", "No Aprobado") -> No Aprobado
A8: 3 | B8: =IFERROR(AVERAGEIFS('Matriz de Prácticas'!$D:$D, 'Matriz de Prácticas'!$A:$A, "DSS01*", 'Matriz de Prácticas'!$C:$C, A8), 0) -> 0 | C8: =IF(B8>0.5, "Aprobado", "No Aprobado") -> No Aprobado
A9: 4 | B9: =IFERROR(AVERAGEIFS('Matriz de Prácticas'!$D:$D, 'Matriz de Prácticas'!$A:$A, "DSS01*", 'Matriz de Prácticas'!$C:$C, A9), 0) -> 0 | C9: =IF(B9>0.5, "Aprobado", "No Aprobado") -> No Aprobado
A10: 5 | B10: =IFERROR(AVERAGEIFS('Matriz de Prácticas'!$D:$D, 'Matriz de Prácticas'!$A:$A, "DSS01*", 'Matriz de Prácticas'!$C:$C, A10), 0) -> 0 | C10: =IF(B10>0.5, "Aprobado", "No Aprobado") -> No Aprobado
A13: DICTAMEN FINAL DEL MOTOR MATEMÁTICO:
A14: NIVEL DE MADUREZ FINAL CALCULADO: | C14: =IF(B6<=0.5, 0, IF(B7<=0.5, 1, IF(B8<=0.5, 2, IF(B9<=0.5, 3, IF(B10<=0.5, 4, 5))))) -> 0

Sheet Cálculo DSS02
A2: MECANISMO MATEMÁTICO EN CASCADA - PROCESO DSS02
A3: Cálculo de madurez según COBIT 2019 CPM
A5: Nivel de Capacidad | B5: Promedio de Cumplimiento Técnico | C5: Estado de Aprobación (>50%)
A6: 1 | B6: =IFERROR(AVERAGEIFS('Matriz de Prácticas'!$D:$D, 'Matriz de Prácticas'!$A:$A, "DSS02*", 'Matriz de Prácticas'!$C:$C, A6), 0) -> 0.2 | C6: =IF(B6>0.5, "Aprobado", "No Aprobado") -> No Aprobado
A7: 2 | B7: =IFERROR(AVERAGEIFS('Matriz de Prácticas'!$D:$D, 'Matriz de Prácticas'!$A:$A, "DSS02*", 'Matriz de Prácticas'!$C:$C, A7), 0) -> 0 | C7: =IF(B7>0.5, "Aprobado", "No Aprobado") -> No Aprobado
A8: 3 | B8: =IFERROR(AVERAGEIFS('Matriz de Prácticas'!$D:$D, 'Matriz de Prácticas'!$A:$A, "DSS02*", 'Matriz de Prácticas'!$C:$C, A8), 0) -> 0 | C8: =IF(B8>0.5, "Aprobado", "No Aprobado") -> No Aprobado
A9: 4 | B9: =IFERROR(AVERAGEIFS('Matriz de Prácticas'!$D:$D, 'Matriz de Prácticas'!$A:$A, "DSS02*", 'Matriz de Prácticas'!$C:$C, A9), 0) -> 0 | C9: =IF(B9>0.5, "Aprobado", "No Aprobado") -> No Aprobado
A10: 5 | B10: =IFERROR(AVERAGEIFS('Matriz de Prácticas'!$D:$D, 'Matriz de Prácticas'!$A:$A, "DSS02*", 'Matriz de Prácticas'!$C:$C, A10), 0) -> 0 | C10: =IF(B10>0.5, "Aprobado", "No Aprobado") -> No Aprobado
A13: DICTAMEN FINAL DEL MOTOR MATEMÁTICO:
A14: NIVEL DE MADUREZ FINAL CALCULADO: | C14: =IF(B6<=0.5, 0, IF(B7<=0.5, 1, IF(B8<=0.5, 2, IF(B9<=0.5, 3, IF(B10<=0.5, 4, 5))))) -> 0

Sheet Cálculo DSS03
A2: MECANISMO MATEMÁTICO EN CASCADA - PROCESO DSS03
A3: Cálculo de madurez según COBIT 2019 CPM
A5: Nivel de Capacidad | B5: Promedio de Cumplimiento Técnico | C5: Estado de Aprobación (>50%)
A6: 1 | B6: =IFERROR(AVERAGEIFS('Matriz de Prácticas'!$D:$D, 'Matriz de Prácticas'!$A:$A, "DSS03*", 'Matriz de Prácticas'!$C:$C, A6), 0) -> 0.1 | C6: =IF(B6>0.5, "Aprobado", "No Aprobado") -> No Aprobado
A7: 2 | B7: =IFERROR(AVERAGEIFS('Matriz de Prácticas'!$D:$D, 'Matriz de Prácticas'!$A:$A, "DSS03*", 'Matriz de Prácticas'!$C:$C, A7), 0) -> 0 | C7: =IF(B7>0.5, "Aprobado", "No Aprobado") -> No Aprobado
A8: 3 | B8: =IFERROR(AVERAGEIFS('Matriz de Prácticas'!$D:$D, 'Matriz de Prácticas'!$A:$A, "DSS03*", 'Matriz de Prácticas'!$C:$C, A8), 0) -> 0 | C8: =IF(B8>0.5, "Aprobado", "No Aprobado") -> No Aprobado
A9: 4 | B9: =IFERROR(AVERAGEIFS('Matriz de Prácticas'!$D:$D, 'Matriz de Prácticas'!$A:$A, "DSS03*", 'Matriz de Prácticas'!$C:$C, A9), 0) -> 0 | C9: =IF(B9>0.5, "Aprobado", "No Aprobado") -> No Aprobado
A10: 5 | B10: =IFERROR(AVERAGEIFS('Matriz de Prácticas'!$D:$D, 'Matriz de Prácticas'!$A:$A, "DSS03*", 'Matriz de Prácticas'!$C:$C, A10), 0) -> 0 | C10: =IF(B10>0.5, "Aprobado", "No Aprobado") -> No Aprobado
A13: DICTAMEN FINAL DEL MOTOR MATEMÁTICO:
A14: NIVEL DE MADUREZ FINAL CALCULADO: | C14: =IF(B6<=0.5, 0, IF(B7<=0.5, 1, IF(B8<=0.5, 2, IF(B9<=0.5, 3, IF(B10<=0.5, 4, 5))))) -> 0

Sheet Cálculo DSS04
A2: MECANISMO MATEMÁTICO EN CASCADA - PROCESO DSS04
A3: Cálculo de madurez según COBIT 2019 CPM
A5: Nivel de Capacidad | B5: Promedio de Cumplimiento Técnico | C5: Estado de Aprobación (>50%)
A6: 1 | B6: =IFERROR(AVERAGEIFS('Matriz de Prácticas'!$D:$D, 'Matriz de Prácticas'!$A:$A, "DSS04*", 'Matriz de Prácticas'!$C:$C, A6), 0) -> 0 | C6: =IF(B6>0.5, "Aprobado", "No Aprobado") -> No Aprobado
A7: 2 | B7: =IFERROR(AVERAGEIFS('Matriz de Prácticas'!$D:$D, 'Matriz de Prácticas'!$A:$A, "DSS04*", 'Matriz de Prácticas'!$C:$C, A7), 0) -> 0 | C7: =IF(B7>0.5, "Aprobado", "No Aprobado") -> No Aprobado
A8: 3 | B8: =IFERROR(AVERAGEIFS('Matriz de Prácticas'!$D:$D, 'Matriz de Prácticas'!$A:$A, "DSS04*", 'Matriz de Prácticas'!$C:$C, A8), 0) -> 0 | C8: =IF(B8>0.5, "Aprobado", "No Aprobado") -> No Aprobado
A9: 4 | B9: =IFERROR(AVERAGEIFS('Matriz de Prácticas'!$D:$D, 'Matriz de Prácticas'!$A:$A, "DSS04*", 'Matriz de Prácticas'!$C:$C, A9), 0) -> 0 | C9: =IF(B9>0.5, "Aprobado", "No Aprobado") -> No Aprobado
A10: 5 | B10: =IFERROR(AVERAGEIFS('Matriz de Prácticas'!$D:$D, 'Matriz de Prácticas'!$A:$A, "DSS04*", 'Matriz de Prácticas'!$C:$C, A10), 0) -> 0 | C10: =IF(B10>0.5, "Aprobado", "No Aprobado") -> No Aprobado
A13: DICTAMEN FINAL DEL MOTOR MATEMÁTICO:
A14: NIVEL DE MADUREZ FINAL CALCULADO: | C14: =IF(B6<=0.5, 0, IF(B7<=0.5, 1, IF(B8<=0.5, 2, IF(B9<=0.5, 3, IF(B10<=0.5, 4, 5))))) -> 0

Sheet Cálculo DSS05
A2: MECANISMO MATEMÁTICO EN CASCADA - PROCESO DSS05
A3: Cálculo de madurez según COBIT 2019 CPM
A5: Nivel de Capacidad | B5: Promedio de Cumplimiento Técnico | C5: Estado de Aprobación (>50%)
A6: 1 | B6: =IFERROR(AVERAGEIFS('Matriz de Prácticas'!$D:$D, 'Matriz de Prácticas'!$A:$A, "DSS05*", 'Matriz de Prácticas'!$C:$C, A6), 0) -> 0.875 | C6: =IF(B6>0.5, "Aprobado", "No Aprobado") -> Aprobado
A7: 2 | B7: =IFERROR(AVERAGEIFS('Matriz de Prácticas'!$D:$D, 'Matriz de Prácticas'!$A:$A, "DSS05*", 'Matriz de Prácticas'!$C:$C, A7), 0) -> 0.15 | C7: =IF(B7>0.5, "Aprobado", "No Aprobado") -> No Aprobado
A8: 3 | B8: =IFERROR(AVERAGEIFS('Matriz de Prácticas'!$D:$D, 'Matriz de Prácticas'!$A:$A, "DSS05*", 'Matriz de Prácticas'!$C:$C, A8), 0) -> 0 | C8: =IF(B8>0.5, "Aprobado", "No Aprobado") -> No Aprobado
A9: 4 | B9: =IFERROR(AVERAGEIFS('Matriz de Prácticas'!$D:$D, 'Matriz de Prácticas'!$A:$A, "DSS05*", 'Matriz de Prácticas'!$C:$C, A9), 0) -> 0 | C9: =IF(B9>0.5, "Aprobado", "No Aprobado") -> No Aprobado
A10: 5 | B10: =IFERROR(AVERAGEIFS('Matriz de Prácticas'!$D:$D, 'Matriz de Prácticas'!$A:$A, "DSS05*", 'Matriz de Prácticas'!$C:$C, A10), 0) -> 0 | C10: =IF(B10>0.5, "Aprobado", "No Aprobado") -> No Aprobado
A13: DICTAMEN FINAL DEL MOTOR MATEMÁTICO:
A14: NIVEL DE MADUREZ FINAL CALCULADO: | C14: =IF(B6<=0.5, 0, IF(B7<=0.5, 1, IF(B8<=0.5, 2, IF(B9<=0.5, 3, IF(B10<=0.5, 4, 5))))) -> 1

Sheet Matriz de Prácticas
A2: RECOLECCIÓN DE PRÁCTICAS DE AUDITORÍA
A4: ID Práctica | B4: Referencia al Hallazgo / Control | C4: Nivel | D4: % Cumplimiento
A5: DSS01.01 | B5: La red transmite datos, estrangulamiento 100 Mbps | C5: 1 | D5: 0.4
A6: DSS01.04 | B6: Sin clima, sin protección eléctrica | C6: 2 | D6: 0
A7: DSS01.05 | B7: Cableado expuesto, sin mantenimiento | C7: 2 | D7: 0.05
A8: DSS02.01 | B8: Resolución de problemas verbal e informal | C8: 1 | D8: 0.2
A9: DSS02.02 | B9: Sin sistema de tickets o Service Desk | C9: 2 | D9: 0
A10: DSS03.01 | B10: Confusión de incidentes y problemas, sin KDB | C10: 1 | D10: 0.1
A11: DSS04.01 | B11: Inexistencia de Plan DRP o BCP | C11: 1 | D11: 0
A12: DSS05.01 | B12: Resolución DNS Cloudflare 1.1.1.3 | C12: 1 | D12: 0.85
A13: DSS05.02 | B13: Cifrado robusto en red inalámbrica (WPA2) | C13: 1 | D13: 0.9
A14: DSS05.03 | B14: Topología plana sin segmentación de VLANs | C14: 2 | D14: 0.15
